{
  "overall_delay_rate": 0.38919827330543383,
  "airline_delay_rate": {
    "AA": 0.3894214011850819,
    "AS": 0.3859741629317163,
    "B6": 0.3985334393497659,
    "DL": 0.3930798278738913,
    "F9": 0.3937630298818624,
    "NK": 0.3878943637008153,
    "UA": 0.38149578651685395,
    "WN": 0.38336875664187037
  },
  "origin_delay_rate": {
    "ATL": 0.38096018351630345,
    "CLT": 0.38783518639633746,
    "DEN": 0.39011980961759396,
    "DFW": 0.39300951755825403,
    "EWR": 0.3857621440536013,
    "IAH": 0.39154504277805735,
    "JFK": 0.3828836285383215,
    "LAS": 0.38960404106240837,
    "LAX": 0.3982925627975702,
    "MCO": 0.3851531291611185,
    "MIA": 0.4,
    "ORD": 0.3855163312438139,
    "PHX": 0.38637115448230236,
    "SEA": 0.3936342968496265,
    "SFO": 0.387064840785349
  },
  "dest_delay_rate": {
    "ATL": 0.39242153195641566,
    "CLT": 0.3752088205813565,
    "DEN": 0.3845528455284553,
    "DFW": 0.38412017167381973,
    "EWR": 0.38090485695276116,
    "IAH": 0.3939393939393939,
    "JFK": 0.40025864856126736,
    "LAS": 0.39128305582761996,
    "LAX": 0.3973978919631094,
    "MCO": 0.3888798569338319,
    "MIA": 0.38357519788918204,
    "ORD": 0.3936748476363037,
    "PHX": 0.39549352614763744,
    "SEA": 0.3867478025693036,
    "SFO": 0.3891329103627786
  },
  "route_delay_rate": {
    "ATL_CLT": 0.36091954022988504,
    "ATL_DEN": 0.4025423728813559,
    "ATL_DFW": 0.3443396226415094,
    "ATL_EWR": 0.3701923076923077,
    "ATL_IAH": 0.38028169014084506,
    "ATL_JFK": 0.4222737819025522,
    "ATL_LAS": 0.39414414414414417,
    "ATL_LAX": 0.37610619469026546,
    "ATL_MCO": 0.37170263788968827,
    "ATL_MIA": 0.39198218262806234,
    "ATL_ORD": 0.4009009009009009,
    "ATL_PHX": 0.38137472283813745,
    "ATL_SEA": 0.3470873786407767,
    "ATL_SFO": 0.38372093023255816,
    "CLT_ATL": 0.37799043062200954,
    "CLT_DEN": 0.4083885209713024,
    "CLT_DFW": 0.43529411764705883,
    "CLT_EWR": 0.4079822616407982,
    "CLT_IAH": 0.3926940639269406,
    "CLT_JFK": 0.3806146572104019,
    "CLT_LAS": 0.3916083916083916,
    "CLT_LAX": 0.35362997658079626,
    "CLT_MCO": 0.39211136890951276,
    "CLT_MIA": 0.40045766590389015,
    "CLT_ORD": 0.39082969432314413,
    "CLT_PHX": 0.4,
    "CLT_SEA": 0.37555555555555553,
    "CLT_SFO": 0.3219954648526077,
    "DEN_ATL": 0.4107142857142857,
    "DEN_CLT": 0.3865336658354115,
    "DEN_DFW": 0.4080188679245283,
    "DEN_EWR": 0.38403990024937656,
    "DEN_IAH": 0.3953488372093023,
    "DEN_JFK": 0.4,
    "DEN_LAS": 0.3492822966507177,
    "DEN_LAX": 0.3939393939393939,
    "DEN_MCO": 0.3779697624190065,
    "DEN_MIA": 0.3956989247311828,
    "DEN_ORD": 0.4012875536480687,
    "DEN_PHX": 0.35714285714285715,
    "DEN_SEA": 0.4,
    "DEN_SFO": 0.39864864864864863,
    "DFW_ATL": 0.41545893719806765,
    "DFW_CLT": 0.3657957244655582,
    "DFW_DEN": 0.3767772511848341,
    "DFW_EWR": 0.3799019607843137,
    "DFW_IAH": 0.3789954337899543,
    "DFW_JFK": 0.40765765765765766,
    "DFW_LAS": 0.39260969976905313,
    "DFW_LAX": 0.39622641509433965,
    "DFW_MCO": 0.3949771689497717,
    "DFW_MIA": 0.3909952606635071,
    "DFW_ORD": 0.42857142857142855,
    "DFW_PHX": 0.4,
    "DFW_SEA": 0.3920704845814978,
    "DFW_SFO": 0.3802197802197802,
    "EWR_ATL": 0.4147465437788018,
    "EWR_CLT": 0.3270588235294118,
    "EWR_DEN": 0.3482587064676617,
    "EWR_DFW": 0.3556581986143187,
    "EWR_IAH": 0.375,
    "EWR_JFK": 0.41870824053452116,
    "EWR_LAS": 0.38235294117647056,
    "EWR_LAX": 0.4106280193236715,
    "EWR_MCO": 0.40131578947368424,
    "EWR_MIA": 0.3925438596491228,
    "EWR_ORD": 0.3937947494033413,
    "EWR_PHX": 0.40145985401459855,
    "EWR_SEA": 0.3747072599531616,
    "EWR_SFO": 0.4,
    "IAH_ATL": 0.3367983367983368,
    "IAH_CLT": 0.383248730964467,
    "IAH_DEN": 0.4236111111111111,
    "IAH_DFW": 0.3693467336683417,
    "IAH_EWR": 0.3561643835616438,
    "IAH_JFK": 0.413953488372093,
    "IAH_LAS": 0.38875878220140514,
    "IAH_LAX": 0.4128878281622912,
    "IAH_MCO": 0.37185929648241206,
    "IAH_MIA": 0.42409638554216866,
    "IAH_ORD": 0.3940774487471526,
    "IAH_PHX": 0.3972602739726027,
    "IAH_SEA": 0.3878048780487805,
    "IAH_SFO": 0.4253393665158371,
    "JFK_ATL": 0.3798076923076923,
    "JFK_CLT": 0.36174636174636177,
    "JFK_DEN": 0.36538461538461536,
    "JFK_DFW": 0.3708133971291866,
    "JFK_EWR": 0.38631346578366443,
    "JFK_IAH": 0.4019138755980861,
    "JFK_LAS": 0.3870246085011186,
    "JFK_LAX": 0.39069767441860465,
    "JFK_MCO": 0.3763440860215054,
    "JFK_MIA": 0.375609756097561,
    "JFK_ORD": 0.3931203931203931,
    "JFK_PHX": 0.4073170731707317,
    "JFK_SEA": 0.3755868544600939,
    "JFK_SFO": 0.3918918918918919,
    "LAS_ATL": 0.3630434782608696,
    "LAS_CLT": 0.3702928870292887,
    "LAS_DEN": 0.4018058690744921,
    "LAS_DFW": 0.363013698630137,
    "LAS_EWR": 0.40404040404040403,
    "LAS_IAH": 0.39635535307517084,
    "LAS_JFK": 0.37117903930131,
    "LAS_LAX": 0.41299303944315546,
    "LAS_MCO": 0.38961038961038963,
    "LAS_MIA": 0.41273584905660377,
    "LAS_ORD": 0.37411764705882355,
    "LAS_PHX": 0.39847715736040606,
    "LAS_SEA": 0.43636363636363634,
    "LAS_SFO": 0.3674832962138085,
    "LAX_ATL": 0.4202586206896552,
    "LAX_CLT": 0.41330166270783847,
    "LAX_DEN": 0.4037122969837587,
    "LAX_DFW": 0.3617021276595745,
    "LAX_EWR": 0.3888888888888889,
    "LAX_IAH": 0.4343675417661098,
    "LAX_JFK": 0.37872340425531914,
    "LAX_LAS": 0.4223194748358862,
    "LAX_MCO": 0.37697516930022573,
    "LAX_MIA": 0.3684210526315789,
    "LAX_ORD": 0.410958904109589,
    "LAX_PHX": 0.424390243902439,
    "LAX_SEA": 0.4057971014492754,
    "LAX_SFO": 0.36803874092009686,
    "MCO_ATL": 0.4059633027522936,
    "MCO_CLT": 0.39712918660287083,
    "MCO_DEN": 0.36542669584245074,
    "MCO_DFW": 0.39856801909307876,
    "MCO_EWR": 0.38402061855670105,
    "MCO_IAH": 0.3616557734204793,
    "MCO_JFK": 0.41134751773049644,
    "MCO_LAS": 0.41089108910891087,
    "MCO_LAX": 0.39414414414414417,
    "MCO_MIA": 0.3822843822843823,
    "MCO_ORD": 0.40131578947368424,
    "MCO_PHX": 0.3510392609699769,
    "MCO_SEA": 0.3405275779376499,
    "MCO_SFO": 0.3905882352941176,
    "MIA_ATL": 0.4226044226044226,
    "MIA_CLT": 0.40274599542334094,
    "MIA_DEN": 0.4106382978723404,
    "MIA_DFW": 0.4,
    "MIA_EWR": 0.3732394366197183,
    "MIA_IAH": 0.4247191011235955,
    "MIA_JFK": 0.408983451536643,
    "MIA_LAS": 0.3841059602649007,
    "MIA_LAX": 0.40186915887850466,
    "MIA_MCO": 0.39957716701902746,
    "MIA_ORD": 0.3793103448275862,
    "MIA_PHX": 0.3916256157635468,
    "MIA_SEA": 0.3910891089108911,
    "MIA_SFO": 0.408207343412527,
    "ORD_ATL": 0.3881278538812785,
    "ORD_CLT": 0.354916067146283,
    "ORD_DEN": 0.34989200863930886,
    "ORD_DFW": 0.39826839826839827,
    "ORD_EWR": 0.39373601789709173,
    "ORD_IAH": 0.3844221105527638,
    "ORD_JFK": 0.3778801843317972,
    "ORD_LAS": 0.39863325740318906,
    "ORD_LAX": 0.40271493212669685,
    "ORD_MCO": 0.3771712158808933,
    "ORD_MIA": 0.3386363636363636,
    "ORD_PHX": 0.43023255813953487,
    "ORD_SEA": 0.40554156171284633,
    "ORD_SFO": 0.39823008849557523,
    "PHX_ATL": 0.3900226757369615,
    "PHX_CLT": 0.35108958837772397,
    "PHX_DEN": 0.3942307692307692,
    "PHX_DFW": 0.375,
    "PHX_EWR": 0.3741794310722101,
    "PHX_IAH": 0.386046511627907,
    "PHX_JFK": 0.38369304556354916,
    "PHX_LAS": 0.389937106918239,
    "PHX_LAX": 0.4014084507042254,
    "PHX_MCO": 0.40145985401459855,
    "PHX_MIA": 0.37897310513447435,
    "PHX_ORD": 0.38926174496644295,
    "PHX_SEA": 0.39371980676328505,
    "PHX_SFO": 0.40046296296296297,
    "SEA_ATL": 0.40315315315315314,
    "SEA_CLT": 0.4246575342465753,
    "SEA_DEN": 0.35730337078651686,
    "SEA_DFW": 0.3858093126385809,
    "SEA_EWR": 0.3613053613053613,
    "SEA_IAH": 0.42316258351893093,
    "SEA_JFK": 0.40286298568507156,
    "SEA_LAS": 0.37089201877934275,
    "SEA_LAX": 0.4222222222222222,
    "SEA_MCO": 0.4146868250539957,