{
  "classifier": {
    "accuracy": 1.0,
    "precision": 1.0,
    "recall": 1.0,
    "f1_score": 1.0,
    "roc_auc": 0.9999999999999999,
    "confusion_matrix": [
      [
        11122,
        0
      ],
      [
        0,
        7087
      ]
    ],
    "training_time_seconds": 1.117205,
    "model_type": "xgboost",
    "use_smote": true
  },
  "regressor": {
    "mae": 0.12524185332210733,
    "rmse": 0.43567886480464957,
    "r2": 0.9994958193215887,
    "mape": 0.2588230180407574,
    "training_time_seconds": 0.985718,
    "model_type": "xgboost"
  }
}